{"cameraMode":{"drawMode":0,"name":"Shaded","section":"Shading Mode"},"sceneLighting":false,"audioPlay":false,"sceneViewState":{"m_AlwaysRefresh":false,"showFog":true,"showSkybox":false,"showFlares":true,"showImageEffects":true,"showParticleSystems":true,"showVisualEffectGraphs":true,"m_FxEnabled":true},"in2DMode":false,"pivot":{"x":-0.3190135955810547,"y":-0.5114133358001709,"z":0.27586519718170168},"rotation":{"x":0.2102658450603485,"y":0.7394490242004395,"z":-0.26896271109580996,"w":0.580676257610321},"size":2.7210943698883058,"orthographic":false}