{"cameraMode":{"drawMode":0,"name":"Shaded","section":"Shading Mode"},"sceneLighting":false,"audioPlay":false,"sceneViewState":{"m_AlwaysRefresh":false,"showFog":true,"showSkybox":false,"showFlares":true,"showImageEffects":true,"showParticleSystems":true,"showVisualEffectGraphs":true,"m_FxEnabled":true},"in2DMode":false,"pivot":{"x":-0.0015931129455566407,"y":1.5110465288162232,"z":0.11638784408569336},"rotation":{"x":0.04373544827103615,"y":0.950204610824585,"z":-0.1586834341287613,"w":0.26558640599250796},"size":9.533230781555176,"orthographic":false}